date,home,away,y,pH,pD,pA
2018-08-11,Newcastle United,Tottenham Hotspur,2,0.156011641834,0.245119207531,0.598869150635
2018-08-12,Southampton FC,Burnley FC,1,0.428064971947,0.274190153118,0.297744874935
2018-08-12,Arsenal FC,Manchester City,2,0.226690371104,0.275656068338,0.497653560557
2018-08-18,Everton FC,Southampton FC,0,0.510637130239,0.270250590092,0.219112279669
2018-08-18,Chelsea FC,Arsenal FC,0,0.516462305784,0.265843728276,0.217693965940
2018-08-19,Burnley FC,Watford FC,2,0.505712894840,0.272937211270,0.221349893890
2018-08-20,Crystal Palace,Liverpool FC,2,0.210404682987,0.262288125032,0.527307191981
2018-08-25,AFC Bournemouth,Everton FC,1,0.402563169811,0.282430445518,0.315006384671
2018-08-26,Watford FC,Crystal Palace,0,0.370754151289,0.292825502770,0.336420345940
2018-08-26,Fulham FC,Burnley FC,0,0.327088559462,0.290288080533,0.382623360005
2018-08-26,Newcastle United,Chelsea FC,2,0.187707199548,0.256623532282,0.555669268170
2018-08-27,Manchester United,Tottenham Hotspur,2,0.362969569597,0.285755984720,0.351274445683
2018-09-01,Chelsea FC,AFC Bournemouth,0,0.657003264380,0.227586905036,0.115409830584
2018-09-01,Crystal Palace,Southampton FC,2,0.490497685510,0.270268900419,0.239233414071
2018-09-01,Manchester City,Newcastle United,0,0.815017874173,0.143332593928,0.041649531900
2018-09-02,Burnley FC,Manchester United,2,0.201455226408,0.269067608905,0.529477164687
2018-09-02,Watford FC,Tottenham Hotspur,0,0.140672659053,0.233587366631,0.625739974316
2018-09-15,Tottenham Hotspur,Liverpool FC,2,0.429145600027,0.292006295733,0.278848104240
2018-09-15,Manchester City,Fulham FC,0,0.843951407025,0.124864480748,0.031184112227
2018-09-15,Newcastle United,Arsenal FC,2,0.231397889242,0.272145649912,0.496456460846
2018-09-15,Watford FC,Manchester United,2,0.212429792819,0.261290307216,0.526279899965
2018-09-16,Wolverhampton Wanderers,Burnley FC,0,0.407120410335,0.280799018288,0.312080571376
2018-09-22,Fulham FC,Watford FC,1,0.331907472642,0.296289884185,0.371802643172
2018-09-22,Burnley FC,AFC Bournemouth,0,0.347638891000,0.289463742592,0.362897366408
2018-09-22,Crystal Palace,Newcastle United,1,0.496770267674,0.268349162930,0.234880569396
2018-09-22,Manchester United,Wolverhampton Wanderers,1,0.709294180743,0.205118755276,0.085587063981
2018-09-22,Liverpool FC,Southampton FC,0,0.745435011353,0.184145093904,0.070419894743
2018-09-23,Arsenal FC,Everton FC,0,0.586949141574,0.252675126524,0.160375731902
2018-09-29,Arsenal FC,Watford FC,0,0.644897814885,0.228113223870,0.126988961244
2018-09-29,Everton FC,Fulham FC,0,0.576304972436,0.249013372128,0.174681655436
2018-09-29,Wolverhampton Wanderers,Southampton FC,0,0.422184452430,0.280319761188,0.297495786383
2018-09-29,Chelsea FC,Liverpool FC,1,0.388217806965,0.285164711268,0.326617481768
2018-10-01,AFC Bournemouth,Crystal Palace,0,0.454106601008,0.283996364296,0.261897034696
2018-10-06,Crystal Palace,Wolverhampton Wanderers,2,0.470619523016,0.275592030459,0.253788446526
2018-10-06,Watford FC,AFC Bournemouth,2,0.394685487663,0.284122391411,0.321192120926
2018-10-06,Manchester United,Newcastle United,0,0.705809579267,0.203798810186,0.090391610548
2018-10-07,Fulham FC,Arsenal FC,2,0.160255846566,0.256527798422,0.583216355013
2018-10-07,Southampton FC,Chelsea FC,2,0.165100103673,0.254693708374,0.580206187953
2018-10-07,Liverpool FC,Manchester City,1,0.303020308483,0.293615907141,0.403363784376
2018-10-20,Chelsea FC,Manchester United,1,0.489813608979,0.268395183589,0.241791207431
2018-10-20,AFC Bournemouth,Southampton FC,1,0.536662109950,0.261737063289,0.201600826760
2018-10-20,Manchester City,Burnley FC,0,0.825050409106,0.137300664633,0.037648926261
2018-10-20,Wolverhampton Wanderers,Watford FC,2,0.472920956125,0.264917689028,0.262161354847
2018-10-21,Everton FC,Crystal Palace,0,0.512628491379,0.271232377845,0.216139130776
2018-10-27,Fulham FC,AFC Bournemouth,2,0.262790647837,0.293961601047,0.443247751116
2018-10-27,Southampton FC,Newcastle United,1,0.455749672270,0.284258880273,0.259991447457
2018-10-28,Crystal Palace,Arsenal FC,1,0.202229225967,0.268843961883,0.528926812151
2018-10-28,Burnley FC,Chelsea FC,2,0.157007629800,0.249416101352,0.593576268848
2018-10-28,Manchester United,Everton FC,0,0.590675429127,0.253278752434,0.156045818438
2018-10-29,Tottenham Hotspur,Manchester City,2,0.291508177986,0.294614993090,0.413876828924
2018-11-03,AFC Bournemouth,Manchester United,2,0.266532638692,0.270524035421,0.462943325887
2018-11-03,Newcastle United,Watford FC,0,0.376865143467,0.285512670822,0.337622185711
2018-11-03,Arsenal FC,Liverpool FC,1,0.333956947832,0.281420603180,0.384622448989
2018-11-03,Wolverhampton Wanderers,Tottenham Hotspur,2,0.138777360499,0.237096569540,0.624126069961
2018-11-04,Manchester City,Southampton FC,0,0.846915939079,0.121739936480,0.031344124441
2018-11-04,Chelsea FC,Crystal Palace,0,0.727982480798,0.192257823918,0.079759695284
2018-11-10,Newcastle United,AFC Bournemouth,0,0.321850512198,0.291880410795,0.386269077007
2018-11-10,Southampton FC,Watford FC,1,0.382115494525,0.295779963799,0.322104541677
2018-11-10,Crystal Palace,Tottenham Hotspur,2,0.143113585674,0.242753637488,0.614132776838
2018-11-11,Liverpool FC,Fulham FC,0,0.818414800446,0.141375329260,0.040209870294
2018-11-11,Chelsea FC,Everton FC,1,0.646803788486,0.229424924194,0.123771287320
2018-11-11,Arsenal FC,Wolverhampton Wanderers,1,0.694573840443,0.207741526953,0.097684632603
2018-11-11,Manchester City,Manchester United,0,0.659469203406,0.215482925082,0.125047871512
2018-11-24,Fulham FC,Southampton FC,0,0.350215262650,0.286982888428,0.362801848922
2018-11-24,Manchester United,Crystal Palace,1,0.694813385883,0.209611892570,0.095574721546
2018-11-24,Watford FC,Liverpool FC,2,0.149204276084,0.241399096200,0.609396627716
2018-11-24,Tottenham Hotspur,Chelsea FC,0,0.445195869690,0.288144915789,0.266659214521
2018-11-25,AFC Bournemouth,Arsenal FC,2,0.266801393126,0.275053003829,0.458145603045
2018-11-26,Burnley FC,Newcastle United,2,0.419643790176,0.298666748255,0.281689461569
2018-12-01,Crystal Palace,Burnley FC,0,0.479983246601,0.269806134818,0.250210618581
2018-12-01,Manchester City,AFC Bournemouth,0,0.820437282607,0.140231417783,0.039331299610
2018-12-01,Southampton FC,Manchester United,1,0.175846666160,0.251295629339,0.572857704501
2018-12-02,Chelsea FC,Fulham FC,0,0.793580938240,0.156709587604,0.049709474156
2018-12-02,Arsenal FC,Tottenham Hotspur,0,0.342894292803,0.282594198646,0.374511508551
2018-12-02,Liverpool FC,Everton FC,0,0.673452675821,0.215888397559,0.110658926620
2018-12-04,Watford FC,Manchester City,2,0.071270963759,0.187941268426,0.740787767815
2018-12-05,Wolverhampton Wanderers,Chelsea FC,0,0.137583350969,0.242791815450,0.619624833581
2018-12-05,Everton FC,Newcastle United,1,0.571732621197,0.255190138077,0.173077240726
2018-12-05,Burnley FC,Liverpool FC,2,0.104578692319,0.227256909015,0.668164398665
2018-12-05,Manchester United,Arsenal FC,1,0.429618192182,0.285471344417,0.284910463400
2018-12-05,Tottenham Hotspur,Southampton FC,0,0.755961941287,0.179011174952,0.065026883762
2018-12-08,AFC Bournemouth,Liverpool FC,2,0.143854065405,0.252087161660,0.604058772935
2018-12-08,Manchester United,Fulham FC,0,0.753892886611,0.181220806830,0.064886306559
2018-12-08,Chelsea FC,Manchester City,0,0.228269743386,0.276592587580,0.495137669034
2018-12-09,Newcastle United,Wolverhampton Wanderers,2,0.440357263369,0.279216586030,0.280426150601
2018-12-10,Everton FC,Watford FC,1,0.554060770175,0.253157523631,0.192781706194
2018-12-15,Manchester City,Everton FC,0,0.771484798903,0.170945905457,0.057569295640
2018-12-15,Tottenham Hotspur,Burnley FC,0,0.769091765959,0.172083449032,0.058824785009
2018-12-15,Wolverhampton Wanderers,AFC Bournemouth,0,0.408079058090,0.273486034644,0.318434907265
2018-12-16,Southampton FC,Arsenal FC,0,0.161185483179,0.249513866295,0.589300650526
2018-12-16,Liverpool FC,Manchester United,0,0.575922131795,0.243950018379,0.180127849825
2018-12-21,Wolverhampton Wanderers,Liverpool FC,2,0.114446207456,0.225018961043,0.660534831501
2018-12-22,Arsenal FC,Burnley FC,0,0.717134068293,0.196343650054,0.086522281653
2018-12-22,Manchester City,Crystal Palace,2,0.814676274476,0.145682042387,0.039641683137
2018-12-22,Newcastle United,Fulham FC,1,0.547254581749,0.256171587597,0.196573830654
2018-12-23,Everton FC,Tottenham Hotspur,2,0.196307125396,0.261530255717,0.542162618887
2018-12-26,Fulham FC,Wolverhampton Wanderers,1,0.324233290146,0.290350328773,0.385416381080
2018-12-26,Burnley FC,Everton FC,2,0.322586828771,0.282008266241,0.395404904988
2018-12-26,Liverpool FC,Newcastle United,0,0.796985147720,0.155612125353,0.047402726927
2018-12-26,Tottenham Hotspur,AFC Bournemouth,0,0.746144317895,0.181655373576,0.072200308529
2018-12-26,Watford FC,Chelsea FC,2,0.190845120519,0.263799264388,0.545355615093
2018-12-29,Tottenham Hotspur,Wolverhampton Wanderers,2,0.777680553849,0.165344488900,0.056974957251
2018-12-29,Watford FC,Newcastle United,1,0.484464986638,0.274433710493,0.241101302869
2018-12-29,Liverpool FC,Arsenal FC,0,0.605131234462,0.238833154034,0.156035611504
2018-12-30,Crystal Palace,Chelsea FC,2,0.190977518465,0.259778510330,0.549243971205
2018-12-30,Southampton FC,Manchester City,2,0.090131960209,0.198342820265,0.711525219526
2018-12-30,Manchester United,AFC Bournemouth,0,0.682699928156,0.208551546147,0.108748525697
2019-01-01,Arsenal FC,Fulham FC,0,0.740100800193,0.188930213751,0.070968986056
2019-01-02,AFC Bournemouth,Watford FC,1,0.421803541803,0.299630903953,0.278565554244
2019-01-02,Chelsea FC,Southampton FC,1,0.742386229160,0.184616213007,0.072997557832
2019-01-02,Wolverhampton Wanderers,Crystal Palace,2,0.446433953813,0.279711525932,0.273854520255
2019-01-02,Newcastle United,Manchester United,2,0.156005385107,0.252521158448,0.591473456444
2019-01-03,Manchester City,Liverpool FC,0,0.448774017890,0.289857034562,0.261368947548
2019-01-12,Burnley FC,Fulham FC,0,0.539684646270,0.265363300788,0.194952052941
2019-01-12,Crystal Palace,Watford FC,2,0.453138134610,0.279761854731,0.267100010659
2019-01-12,Chelsea FC,Newcastle United,0,0.748175857520,0.180256165624,0.071567976856
2019-01-13,Everton FC,AFC Bournemouth,0,0.492941601314,0.271087068413,0.235971330273
2019-01-13,Tottenham Hotspur,Manchester United,2,0.506238216613,0.270486010036,0.223275773351
2019-01-14,Manchester City,Wolverhampton Wanderers,0,0.804106792116,0.152447595313,0.043445612572
2019-01-19,Liverpool FC,Crystal Palace,0,0.780905037230,0.164364707278,0.054730255492
2019-01-19,Southampton FC,Everton FC,0,0.344917290970,0.288940825388,0.366141883642
2019-01-19,Watford FC,Burnley FC,1,0.456859283220,0.277414841255,0.265725875525
2019-01-19,Arsenal FC,Chelsea FC,0,0.366334081808,0.291310327375,0.342355590817
2019-01-20,Fulham FC,Tottenham Hotspur,2,0.084778321883,0.199947244460,0.715274433657
2019-01-29,Manchester United,Burnley FC,1,0.714541061862,0.198935962013,0.086522976125
2019-01-29,Newcastle United,Manchester City,0,0.074554428551,0.196123528545,0.729322042904
2019-01-30,Southampton FC,Crystal Palace,1,0.417444266484,0.287780438237,0.294775295279
2019-01-30,AFC Bournemouth,Chelsea FC,0,0.194384431588,0.273257436071,0.532358132342
2019-01-30,Tottenham Hotspur,Watford FC,0,0.738106704239,0.186839981349,0.075053314412
2019-02-02,Tottenham Hotspur,Newcastle United,0,0.758827975335,0.176247569669,0.064924454996
2019-02-02,Crystal Palace,Fulham FC,0,0.557713021022,0.256684360748,0.185602618230
2019-02-02,Burnley FC,Southampton FC,1,0.459406714621,0.272846244794,0.267747040585
2019-02-02,Everton FC,Wolverhampton Wanderers,2,0.504313740711,0.263092882806,0.232593376483
2019-02-03,Manchester City,Arsenal FC,0,0.630536022513,0.229900169894,0.139563807593
2019-02-06,Everton FC,Manchester City,2,0.121624090583,0.227104850985,0.651271058433
2019-02-09,Fulham FC,Manchester United,2,0.100512815143,0.217711631458,0.681775553399
2019-02-09,Liverpool FC,AFC Bournemouth,0,0.749975436067,0.182451418634,0.067573145299
2019-02-09,Watford FC,Everton FC,0,0.389607140532,0.289410268837,0.320982590631
2019-02-10,Manchester City,Chelsea FC,0,0.635615856140,0.225977108151,0.138407035708
2019-02-11,Wolverhampton Wanderers,Newcastle United,1,0.492567726034,0.272337335887,0.235094938078
2019-02-23,Burnley FC,Tottenham Hotspur,0,0.136930854297,0.235100782099,0.627968363604
2019-02-23,AFC Bournemouth,Wolverhampton Wanderers,1,0.423163856456,0.286084539911,0.290751603633
2019-02-24,Manchester United,Liverpool FC,1,0.343454694896,0.286903094799,0.369642210306
2019-02-24,Arsenal FC,Southampton FC,0,0.662505914238,0.225195963427,0.112298122335
2019-02-26,Newcastle United,Burnley FC,0,0.413952794655,0.280572928590,0.305474276755
2019-02-27,Arsenal FC,AFC Bournemouth,0,0.654801048931,0.223885432859,0.121313518210
2019-02-27,Southampton FC,Fulham FC,0,0.556736867086,0.251818335592,0.191444797323
2019-02-27,Liverpool FC,Watford FC,0,0.750824950888,0.182367830580,0.066807218532
2019-02-27,Crystal Palace,Manchester United,2,0.193811233205,0.261824743460,0.544364023336
2019-02-27,Chelsea FC,Tottenham Hotspur,0,0.337430886997,0.309582313382,0.352986799621
2019-03-02,Tottenham Hotspur,Arsenal FC,1,0.502876202849,0.273773503147,0.223350294005
2019-03-02,Burnley FC,Crystal Palace,2,0.407624626288,0.292124820230,0.300250553482
2019-03-02,AFC Bournemouth,Manchester City,2,0.082003283679,0.204827251906,0.713169464415
2019-03-02,Manchester United,Southampton FC,0,0.730758491269,0.192062190416,0.077179318315
2019-03-03,Fulham FC,Chelsea FC,2,0.116942309363,0.215687953194,0.667369737443
2019-03-03,Everton FC,Liverpool FC,1,0.140652656918,0.242299656519,0.617047686563
2019-03-09,Newcastle United,Everton FC,0,0.391476390037,0.281594314889,0.326929295074
2019-03-09,Southampton FC,Tottenham Hotspur,0,0.154326983527,0.242507789341,0.603165227132
2019-03-09,Manchester City,Watford FC,0,0.807311951100,0.148276822056,0.044411226844
2019-03-10,Liverpool FC,Burnley FC,0,0.774921852274,0.165898901323,0.059179246403
2019-03-10,Chelsea FC,Wolverhampton Wanderers,1,0.652228151988,0.233775391917,0.113996456095
2019-03-10,Arsenal FC,Manchester United,0,0.380160665452,0.288103727457,0.331735607091
2019-03-16,AFC Bournemouth,Newcastle United,1,0.418475603722,0.295676621624,0.285847774654
2019-03-17,Fulham FC,Liverpool FC,2,0.051935474630,0.173160776326,0.774903749044
2019-03-17,Everton FC,Chelsea FC,0,0.227984435706,0.269411866356,0.502603697939
2019-03-30,Fulham FC,Manchester City,2,0.034633582706,0.143561536932,0.821804880362
2019-03-30,Burnley FC,Wolverhampton Wanderers,0,0.379564081779,0.298495274188,0.321940644033
2019-03-30,Manchester United,Watford FC,0,0.695862742640,0.205400368331,0.098736889029
2019-03-31,Liverpool FC,Tottenham Hotspur,0,0.571479364727,0.246090789492,0.182429845781
2019-04-01,Arsenal FC,Newcastle United,0,0.666462462573,0.221045607266,0.112491930161
2019-04-02,Wolverhampton Wanderers,Manchester United,0,0.184439371749,0.249675329323,0.565885298928
2019-04-02,Watford FC,Fulham FC,0,0.625874839293,0.237321903502,0.136803257205
2019-04-03,Tottenham Hotspur,Crystal Palace,0,0.656054233248,0.231712378664,0.112233388088
2019-04-05,Southampton FC,Liverpool FC,2,0.113255670223,0.226597384857,0.660146944920
2019-04-06,AFC Bournemouth,Burnley FC,2,0.442389322240,0.281725966551,0.275884711209
2019-04-06,Newcastle United,Crystal Palace,2,0.423917802725,0.285694041911,0.290388155365
2019-04-07,Everton FC,Arsenal FC,0,0.247534471216,0.277495957777,0.474969571007
2019-04-13,Southampton FC,Wolverhampton Wanderers,0,0.411531386146,0.285265828449,0.303202785406
2019-04-13,Fulham FC,Everton FC,0,0.184890557991,0.275166228902,0.539943213107
2019-04-14,Crystal Palace,Manchester City,2,0.088228451603,0.202417715177,0.709353833219
2019-04-14,Liverpool FC,Chelsea FC,0,0.578417161868,0.254343270137,0.167239567995
2019-04-15,Watford FC,Arsenal FC,2,0.218838309645,0.285844593887,0.495317096468
2019-04-20,Manchester City,Tottenham Hotspur,0,0.635846633076,0.227571509274,0.136581857650
2019-04-20,AFC Bournemouth,Fulham FC,2,0.628252897855,0.226812651173,0.144934450972
2019-04-20,Newcastle United,Southampton FC,0,0.425149271329,0.280924915499,0.293925813172
2019-04-21,Everton FC,Manchester United,0,0.242482562337,0.268704988626,0.488812449037
2019-04-21,Arsenal FC,Crystal Palace,2,0.666693830919,0.218599270280,0.114706898802
2019-04-22,Chelsea FC,Burnley FC,1,0.672827812090,0.217432429200,0.109739758710
2019-04-23,Watford FC,Southampton FC,1,0.441396793054,0.282347915604,0.276255291343
2019-04-24,Wolverhampton Wanderers,Arsenal FC,0,0.228966082425,0.273860024096,0.497173893479
2019-04-24,Manchester United,Manchester City,2,0.219994624444,0.281999732051,0.498005643505
2019-04-27,Crystal Palace,Everton FC,1,0.358499389399,0.296371790589,0.345128820012
2019-04-27,Southampton FC,AFC Bournemouth,1,0.449369571378,0.282446552893,0.268183875729
2019-04-27,Watford FC,Wolverhampton Wanderers,2,0.440601177663,0.279454729641,0.279944092696
2019-04-28,Burnley FC,Manchester City,2,0.085567679927,0.199733569623,0.714698750450
2019-04-28,Manchester United,Chelsea FC,1,0.424894300948,0.290687876329,0.284417822723
2019-05-03,Everton FC,Burnley FC,0,0.543245716613,0.259928013384,0.196826270002
2019-05-04,AFC Bournemouth,Tottenham Hotspur,0,0.191063263320,0.262275001843,0.546661734837
2019-05-04,Wolverhampton Wanderers,Fulham FC,0,0.609302888300,0.241657389708,0.149039721992
2019-05-04,Newcastle United,Liverpool FC,2,0.108131400189,0.219955190076,0.671913409735
2019-05-05,Chelsea FC,Watford FC,0,0.669136528785,0.220729327841,0.110134143374
2019-05-12,Burnley FC,Arsenal FC,2,0.252788380581,0.274912008161,0.472299611259
2019-05-12,Crystal Palace,AFC Bournemouth,0,0.446158200935,0.288495426965,0.265346372100
2019-05-12,Fulham FC,Newcastle United,2,0.298250206747,0.280532440954,0.421217352299
2019-05-12,Liverpool FC,Wolverhampton Wanderers,0,0.766123835886,0.171880453730,0.061995710384
2019-05-12,Tottenham Hotspur,Everton FC,1,0.570627946540,0.254559959296,0.174812094164
